{
  "project_info": {
    "project_number": "191226743412",
    "firebase_url": "https://lnt-final-project-1ceae-default-rtdb.asia-southeast1.firebasedatabase.app",
    "project_id": "lnt-final-project-1ceae",
    "storage_bucket": "lnt-final-project-1ceae.appspot.com"
  },
  "client": [
    {
      "client_info": {
        "mobilesdk_app_id": "1:191226743412:android:6df9ae7817efcbb3b39f21",
        "android_client_info": {
          "package_name": "com.example.lntfinalproject"
        }
      },
      "oauth_client": [
        {
          "client_id": "191226743412-a75c5ueacscqtrljrce06muc1lklf3q4.apps.googleusercontent.com",
          "client_type": 3
        }
      ],
      "api_key": [
        {
          "current_key": "AIzaSyCtVajN_VQGWVtMEOrISu-PatLLyOo33d8"
        }
      ],
      "services": {
        "appinvite_service": {
          "other_platform_oauth_client": [
            {
              "client_id": "191226743412-a75c5ueacscqtrljrce06muc1lklf3q4.apps.googleusercontent.com",
              "client_type": 3
            }
          ]
        }
      }
    }
  ],
  "configuration_version": "1"
}